{"cameraMode":{"drawMode":0,"name":"Shaded","section":"Shading Mode"},"sceneLighting":true,"audioPlay":false,"sceneViewState":{"showFog":true,"showMaterialUpdate":false,"showSkybox":true,"showFlares":true,"showImageEffects":true,"showParticleSystems":true},"in2DMode":false,"pivot":{"x":2.449591875076294,"y":1.8070564270019532,"z":-0.01274220459163189},"rotation":{"x":-0.017828306183218957,"y":0.6589630246162415,"z":-0.015626227483153344,"w":-0.7518077492713928},"size":0.18744713068008424,"orthographic":false}